{
	"KEY_FILE"				:	"credentials/orderanalyticsapp1-b6263ba87422.json"
    ,"DF_SA"				:	"saleservice@orderanalyticsapp1.iam.gserviceaccount.com"
	,"PROJECT"				:	"orderanalyticsapp1"
    ,"LOCATION"				:	"IN"
	,"BIGQUERY_DATASET"		:	"salessummarydata"
	,"STAGE_TABLE"			:	"salessummary_stage"
	,"MAIN_TABLE"			:	"salessummary"
    ,"TEMP_TABLE"			:	"salessummary_temp"
	,"BRANCH_SALES_TABLE"	:	"dwf_daily_branch_sales"
	,"IS_TIME_PARTITIONED"	:	"false"
	,"PARTITION_COL"		:	"TrxSetDt"
	,"BUCKET"				:	"sale_sample_input"
	,"BUCKET_ARCHIVE"		:	"archive/"
	,"LOCAL_INPUT"			:	"C:/tools/Workspace/salesapp/data/input"
	,"BUCKET_FOLDER"		:	"input/"
	,"PIPELINE_SRC_PATTERN"	:	"gs://sale_sample_input/input/*.csv"
	,"FILE_HAS_HEADER"		:	1
	,"PIPELINE_RUNNER"		:	"DataflowRunner"
	,"TEMP_LOCATION"		:	"gs://sale_sample_input/tmp"
	,"STG_LOCATION"			:	"gs://sale_sample_input/stage"
	,"JOB_NAME"				:	"salesappflow33"
	,"DT_COL_TO_COMPARE"	:	{ "TrxSetDt" 	: "DATE" }
	,"PK_COLS"				:	[
									 { "SlNo" 			: "INT64" 	}
									 ,{ "TrxSetDt" 				: "DATE" 	}
								]	
}
