{
	"STAGE": [{
		"description": "Serial Number",
		"mode": "REQUIRED",
		"name": "SlNo",
		"type": "STRING"
	}, {
		"description": "Revenue Location No",
		"mode": "REQUIRED",
		"name": "RevenueLocNo",
		"type": "STRING"
	}, {
		"description": "Location No",
		"mode": "REQUIRED",
		"name": "LocNo",
		"type": "STRING"
	}, {
		"description": "Transaction Set Date",
		"mode": "REQUIRED",
		"name": "TrxSetDt",
		"type": "STRING"
	}, {
		"description": "Financial Day Date",
		"mode": "REQUIRED",
		"name": "FinancialDayDt",
		"type": "STRING"
	}, {
		"description": "Source System",
		"mode": "REQUIRED",
		"name": "SourceSystem",
		"type": "STRING"
	}, {
		"description": "SJ Code",
		"mode": "REQUIRED",
		"name": "SJCd",
		"type": "STRING"
	}, {
		"description": "Amount",
		"mode": "REQUIRED",
		"name": "Amount",
		"type": "STRING"
	}, {
		"description": "Clicks Sold",
		"mode": "REQUIRED",
		"name": "ClickSold",
		"type": "STRING"
	}, {
		"description": "Business Unit Code",
		"mode": "REQUIRED",
		"name": "BusinessUnitCd",
		"type": "STRING"
	}, {
		"description": "Quantity Sold",
		"mode": "REQUIRED",
		"name": "QuantitySold",
		"type": "STRING"
	}],
	
	"MAIN": [{
		"description": "Serial Number",
		"mode": "NULLABLE",
		"name": "SlNo",
		"type": "INTEGER",
		"to_type": "INT64",
		"calculation": ""
	}, {
		"description": "Revenue Location No",
		"mode": "NULLABLE",
		"name": "RevenueLocNo",
		"type": "String",
		"to_type": "",
		"calculation": ""
	}, {
		"description": "Location No",
		"mode": "NULLABLE",
		"name": "LocNo",
		"type": "STRING",
		"to_type": "",
		"calculation": ""
	}, {
		"description": "Transaction Set Date",
		"mode": "NULLABLE",
		"name": "TrxSetDt",
		"type": "DATE",
		"to_type": "",
		"calculation": "CAST(TrxSetDt AS DATE)"
	},
	{
		"description": "Financial Day Date",
		"mode": "NULLABLE",
		"name": "FinancialDayDt",
		"type": "DATE",
		"to_type": "",
		"calculation": "CAST(FinancialDayDt AS DATE)"
	}, {
		"description": "Source System",
		"mode": "NULLABLE",
		"name": "SourceSystem",
		"type": "STRING",
		"to_type": "",
		"calculation": ""
	}, {
		"description": "SJ Code",
		"mode": "NULLABLE",
		"name": "SJCd",
		"type": "STRING",
		"to_type": "",
		"calculation": ""
	}, {
		"description": "Amount",
		"mode": "NULLABLE",
		"name": "Amount",
		"type": "STRING",
		"to_type": "",
		"calculation": ""
	}, {
		"description": "Click Sold",
		"mode": "NULLABLE",
		"name": "ClickSold",
		"type": "STRING",
		"to_type": "",
		"calculation": ""
	}, {
		"description": "Business Unit Code",
		"mode": "NULLABLE",
		"name": "BusinessUnitCd",
		"type": "STRING",
		"to_type": "",
		"calculation": ""
	}, {
		"description": "Quantity Sold",
		"mode": "NULLABLE",
		"name": "QuantitySold",
		"type": "STRING",
		"to_type": "",
		"calculation": ""
	}],
	
	"BRANCH_SALES": [{
		"description": "Location Id",
		"mode": "NULLABLE",
		"name": "LocId",
		"type": "INTEGER",
		"to_type": "INT64",
		"calculation": ""
	}, {
		"description": "Time Day Id",
		"mode": "NULLABLE",
		"name": "TimeDayId",
		"type": "INTEGER",
		"to_type": "INT64",
		"calculation": ""
	}, {
		"description": "Net Amount",
		"mode": "NULLABLE",
		"name": "NetAmount",
		"type": "FLOAT",
		"to_type": "NUMERIC"
	}, {
		"description": "Discount Amount",
		"mode": "NULLABLE",
		"name": "DiscountAmount",
		"type": "FLOAT",
		"to_type": "NUMERIC"
	}, {
		"description": "Transaction Count",
		"mode": "NULLABLE",
		"name": "TransCount",
		"type": "INTEGER",
		"to_type": "INT64",
		"calculation": ""
	}, {
		"description": "Source System Id",
		"mode": "NULLABLE",
		"name": "SourceSystemId",
		"type": "STRING",
		"to_type": "",
		"calculation": ""
	}, {
		"description": "Source System",
		"mode": "NULLABLE",
		"name": "SourceSystem",
		"type": "STRING",
		"to_type": "",
		"calculation": ""
	}]
	
}